ind,node,weekday_in_core,weekday_out_core,weekend_in_core,weekend_out_core,weekday_in_core_lvl,weekday_out_core_lvl,weekend_in_core_lvl,weekend_out_core_lvl,weekday_ksc_ent_in,weekday_ksc_ent_out,weekend_ksc_ent_in,weekend_ksc_ent_out
0,TENGEH,271.0,315.0,232,264,0,0,0,0,0.921664781325915,0.6915952232475179,0.8862629462285802,0.171731877572606
1,MARINA SOUTH,349.0,317.0,371,331,0,0,0,0,0.0,0.9985017413113558,0.31984379930716517,0.998623941716923
2,SAFTI,412.0,1441.0,340,1019,0,0,0,0,0.6764021080577249,0.013616636826658847,0.6930177285049846,0.017263963197414967
3,PIONEER SECTOR,499.0,699.0,404,563,0,0,0,0,0.16174785104838332,0.0,0.1066594459494775,0.05269803541223962
4,TUAS VIEW EXTENSION,650.0,620.0,740,635,0,0,0,0,0.0,0.37479063287574105,0.0,0.2539363894508224
5,LORONG HALUS,651.0,486.0,558,301,0,0,0,0,0.14061286308872575,0.9761558533021355,0.09362254528931357,0.9716829016432355
6,THE WHARVES,652.0,1564.0,694,1539,0,0,0,0,0.9859473105565256,0.9675673091784246,0.9866056826318891,0.8280139865899573
7,SEMBAWANG STRAITS,683.0,975.0,780,1106,0,0,0,0,0.7508414607613634,0.8267205834818114,0.7313091372842202,0.7982149516330481
8,LIM CHU KANG,778.0,944.0,969,935,0,0,0,0,0.9524810519917903,0.9587198805291204,0.9396253446558434,0.9845948203468777
9,GUL BASIN,804.0,517.0,564,435,0,0,0,0,0.09711166992989141,0.29664935774057666,0.09687929065184119,0.4926635497039592
10,PANG SUA,855.0,816.0,524,491,0,0,0,0,0.9001759973103537,0.995304317384088,0.9490953192167477,0.9982025149144469
11,SHIPYARD,873.0,969.0,564,690,0,0,0,0,0.7517342940380694,0.5193088225994946,0.7788809174075753,0.5842253388420625
12,SAMULUN,890.0,456.0,600,358,0,0,0,0,0.22637775968315288,0.4092224631712812,0.25043138548097565,0.306219075060198
13,ISTANA NEGARA,974.0,1069.0,679,710,0,0,0,0,0.6919676048290847,0.567686300320928,0.6697632075336881,0.5885380158895619
14,BENOI SECTOR,986.0,969.0,639,690,0,0,0,0,0.14927825605510556,0.29347751828522106,0.16906072833579056,0.3467293799321867
15,RESERVOIR VIEW,1042.0,944.0,856,877,0,0,0,0,0.8289418669210785,0.9942840688851615,0.9165738214067944,0.9530366370779377
16,PAYA LEBAR WEST,1050.0,812.0,603,460,0,0,0,0,0.32679309745589097,0.8471485297794343,0.3509483717079546,0.8231668899295087
17,AIRPORT ROAD,1103.0,1073.0,407,399,0,0,0,0,0.6946554557359327,0.12927789656145627,0.9655760709490236,0.3325730640645005
18,MANDAI WEST,1123.0,727.0,956,630,0,0,0,0,0.6437076071364941,0.9997930272177368,0.7768609624174465,0.9999370113711418
19,MONK'S HILL,1198.0,821.0,861,631,0,0,0,0,0.9992802374060966,0.4549963695780668,0.9903606502869059,0.47291644487851175
20,SENGKANG WEST,1231.0,1437.0,1164,1242,0,0,0,0,0.8857895474637109,0.48732307473907654,0.6658947640570531,0.4459312721528865
21,PLAB,1254.0,1950.0,726,1293,0,0,0,0,0.8460819511504213,0.5365486275239242,0.8239184660422073,0.7793224758462981
22,PAYA LEBAR EAST,1271.0,1391.0,887,964,0,0,0,0,0.0003261479991309022,0.8497346899948229,0.22634512916396543,0.8639204328016054
23,MAXWELL,1283.0,763.0,1234,715,0,0,0,0,0.4834633826002828,0.9963567458480284,0.40818036539601854,0.9932625909858984
24,TUAS VIEW,1310.0,1171.0,1380,1019,0,0,0,0,0.7615079937084295,0.9941230585642007,0.9021803062476058,0.9477522712845842
25,PENJURU CRESCENT,1385.0,1961.0,1020,1455,0,0,0,0,0.531187093895537,0.5860965764449344,0.5979625783774924,0.2788280637703652
26,ORANGE GROVE,1398.0,776.0,1304,635,0,0,0,0,0.33755094000467617,0.7793832570958458,0.2613116905525977,0.7410069887003541
27,PHILLIP,1404.0,109.0,541,38,0,0,0,0,0.6804315324347326,0.0,0.732151545667848,0.8900296999850416
28,TANGLIN,1471.0,1478.0,1123,1169,0,0,0,0,0.90344737761258,0.6775732670651297,0.895724114640744,0.7411977466939101
29,SENTOSA,1538.0,939.0,2819,2425,0,0,0,0,0.9938180044845639,0.9936668200206795,0.981849112340038,0.9599059505805846
30,JURONG PORT,1563.0,1414.0,1077,1052,0,0,0,0,0.17053498883216314,0.5538124951445524,0.12300616323649699,0.531888437431026
31,OXLEY,1825.0,1931.0,1693,1776,0,0,0,0,0.9250476602846255,0.9731432952017646,0.9161399516606451,0.8865699892693066
32,SELETAR AEROSPACE PARK,1855.0,1917.0,1211,1313,0,0,0,0,0.9999903353868806,0.9497148432943223,0.9997543532166758,0.934933022259766
33,MANDAI ESTATE,1920.0,1222.0,1735,1053,0,0,0,0,0.88729945497301,0.7423430026667475,0.8283413017818301,0.7831476354267666
34,LIU FANG,1938.0,1961.0,1442,1395,0,0,0,0,0.5036320563021873,0.4309407120087722,0.47373826171654215,0.3756580911793055
35,SEMBAWANG EAST,2017.0,2818.0,1735,2672,0,0,0,0,0.9277636968763505,0.7480739099424486,0.9177627044889405,0.6530084557310765
36,GREENWOOD PARK,2076.0,2123.0,917,1539,0,0,0,0,0.08453277234476556,0.749835185786228,0.606989822825748,0.5470131433133336
37,LOYANG EAST,2321.0,3087.0,1556,2421,0,0,0,0,0.9016440105269606,0.4414642569573152,0.781837392526974,0.436329802479962
38,YIO CHU KANG NORTH,2330.0,5272.0,1377,3892,0,0,0,0,0.9971670090798772,0.4052158286641052,0.9559051355526178,0.3286915370308636
39,PEI CHUN,2385.0,4089.0,2071,3493,0,0,0,0,0.6280761628768811,0.9733860469545644,0.54908649676527,0.9733509950504863
40,LITTLE INDIA,2388.0,2221.0,2415,2330,0,0,0,0,0.6857248874107259,0.8000660839571989,0.7714196662522717,0.7963920590638535
41,SENOKO WEST,2413.0,3326.0,2016,2785,0,0,0,0,0.7385951039423769,0.8650675838713924,0.6948730201138781,0.8104728235361285
42,SENOKO NORTH,2413.0,2818.0,2016,2231,0,0,0,0,0.8447415462720007,0.95939074024365,0.8178439470662636,0.99999996675933
43,INSTITUTION HILL,2527.0,2326.0,2230,2050,0,0,0,0,0.7018228491253552,0.9574935267663823,0.6276320466783927,0.962453792813488
44,NEE SOON,2615.0,2289.0,2302,1837,0,0,0,0,0.7911848674780199,0.9320285446994985,0.7631087986780961,0.9797731496289022
45,TENGAH,2792.0,2568.0,2311,2048,0,0,0,0,0.8870381469420724,0.822196367265055,0.8782199005774001,0.7374321946863294
46,ALEXANDRA NORTH,2801.0,3061.0,2237,2265,0,0,0,0,0.969781121454561,0.9111676301266495,0.9966863561013038,0.9461393471214398
47,SIGLAP,3013.0,6491.0,2738,5813,0,0,0,0,0.3590346509258635,0.44366922399389913,0.42530833718542066,0.4720789910806465
48,KIM KEAT,3014.0,5183.0,2499,4447,0,0,0,0,0.9019852245457292,0.2975708832784483,0.8622195890899426,0.19820857934701594
49,PASIR RIS PARK,3054.0,4420.0,2656,4236,0,0,0,0,0.0745273023287372,0.7180508956505711,0.06965891253521803,0.5999239235283024
50,CHOA CHU KANG NORTH,3186.0,2876.0,2429,2430,0,0,0,0,0.19764526451999082,0.04835400458707885,0.17180039244145104,0.04692189467333204
51,MANDAI EAST,3515.0,2289.0,3090,2231,0,0,0,0,0.8545162313494423,0.9493105675380609,0.8163330084713467,0.9532293598547656
52,PAYA LEBAR NORTH,3588.0,2966.0,3188,2691,0,0,0,0,0.2906636898142511,0.62149451714873,0.3013591832322157,0.5279651823649691
53,TAMPINES NORTH,3588.0,4874.0,3188,4348,0,0,0,0,0.500010252504757,0.12435917477148953,0.4050200964525491,0.1194779512552098
54,PASIR RIS WAFER FAB PARK,3635.0,1722.0,3065,1375,0,0,0,0,0.6731810898028258,0.3584837289621555,0.6546307253786097,0.41886990327443563
55,LEONIE HILL,3713.0,3172.0,3039,2499,0,0,0,0,0.8815604805839266,0.9897840352619512,0.8781826597877911,0.9994764877488326
56,PANDAN,3737.0,2293.0,2113,1462,0,0,0,0,0.6313499977719763,0.5118573036826749,0.700655685472322,0.32216182872771315
57,TUKANG,3746.0,1961.0,2428,1462,0,0,0,0,0.6872718115055028,0.3837945164911726,0.689077641592548,0.2664608328658684
58,JURONG RIVER,3746.0,1961.0,3700,1555,0,0,0,0,0.40395327277709836,0.6708067876579346,0.3471133743467009,0.13196623183676598
59,SENOKO SOUTH,3753.0,4135.0,2430,2779,0,0,0,0,0.684846642827159,0.4301758948987814,0.8080783246420904,0.4850135172487931
60,SELEGIE,3899.0,3480.0,3387,3003,0,0,0,0,0.768600522412075,0.49002742837054497,0.7913781043429886,0.4742112650075445
61,BAYSHORE,3935.0,6491.0,3417,5813,0,0,0,0,0.03801965465075502,0.5074914998658516,0.04776283284180321,0.5190754500433724
62,MACKENZIE,3935.0,4539.0,3848,4246,0,0,0,0,0.49752392128212125,0.9087294095592413,0.5121433769798438,0.985044639892197
63,GOODWOOD PARK,3935.0,3099.0,3148,2652,0,0,0,0,0.5826034616195884,0.5352109082668062,0.5758607809420606,0.46550129381816346
64,INTERNATIONAL BUSINESS PARK,3946.0,4513.0,2162,2633,0,0,0,0,0.49918717021892073,0.9104624199423538,0.35415814473244195,0.7702824126295436
65,SUNSET WAY,3946.0,3010.0,3148,2212,0,0,0,0,0.5694299794360668,0.7990252335578767,0.5932790993630706,0.8976794467185277
66,WOODGROVE,3963.0,7632.0,3300,6431,0,1,0,1,0.6139490032463466,0.5962712396694299,0.5853254191872577,0.6105961291848406
67,ANSON,3987.0,5447.0,2565,3575,0,0,0,0,0.789161472502169,0.5413423113558852,0.8219668670893531,0.5962373348414346
68,PATERSON,4038.0,5568.0,4386,5485,0,0,0,0,0.5919885813530518,0.9332731055629617,0.6437583626082554,0.9836587971840226
69,WENYA,4045.0,4126.0,3072,3194,0,0,0,0,0.7162470278961788,0.1559244921136992,0.58270249348002,0.11399909904566544
70,HILLCREST,4056.0,5057.0,3148,4292,0,0,0,0,0.9676150281973187,0.9461331009378409,0.9425329416887164,0.8872351242195812
71,CHANGI POINT,4099.0,3704.0,4506,4281,0,0,0,0,0.6824917626659588,0.6317916828716081,0.6106636164360676,0.5839665088744989
72,SELETAR,4188.0,4393.0,3472,3678,0,0,0,0,0.8829234811972869,0.7054091366929638,0.8372196052482447,0.6718647546243812
73,FORT CANNING,4282.0,4619.0,3605,4294,0,0,0,0,0.9982618658363506,0.6642373091896967,0.9997436576700606,0.6486743076570308
74,WESTERN WATER CATCHMENT,4316.0,4126.0,3457,3263,0,0,0,0,0.3586135149442144,0.49806012864162247,0.3938854126608857,0.4975903945732192
75,NORTHSHORE,4338.0,4277.0,4119,4216,0,0,0,0,0.04643013054562598,0.0160366520320823,0.03513477169807426,0.011426701683070868
76,ONE TREE HILL,4363.0,4651.0,3850,4148,0,0,0,0,0.9774085156283648,0.9174362797932327,0.9693792906765435,0.9187757281727335
77,SPRINGLEAF,4363.0,2586.0,3542,2195,0,0,0,0,0.7833737240741864,0.7749191919981858,0.8330218293538716,0.7425476799618449
78,WEST COAST,4415.0,2935.0,3341,2297,0,0,0,0,0.4570418915478849,0.7633888172317435,0.3469161538627452,0.4051935596064181
79,KENT RIDGE,4415.0,4445.0,2525,2433,0,0,0,0,0.774973766030937,0.8219898873149356,0.771374340491852,0.9111931683125851
80,DEPOT ROAD,4458.0,4426.0,3461,3533,0,0,0,0,0.9142355708746042,0.7491482555808084,0.843816368594368,0.8014661915531651
81,WOODLANDS SOUTH,4459.0,6492.0,2676,4785,0,0,0,0,0.30616569176530856,0.3494129200052029,0.26109213489080885,0.33488975786607744
82,TELOK BLANGAH WAY,4499.0,7072.0,3850,5988,0,0,0,0,0.8510520574517904,0.7800299269481724,0.8669917912911197,0.8620530081593984
83,LOYANG WEST,4522.0,2877.0,3046,1556,0,0,0,0,0.5439862254591066,0.8993259318419837,0.5888669883007681,0.9983633888378591
84,CHANGI WEST,4622.0,6237.0,3640,4859,0,0,0,0,0.7352220753242407,0.2274316606344401,0.830599313423329,0.32033994412468064
85,ROCHOR CANAL,4633.0,4406.0,4227,4040,0,0,0,0,0.5626952290778378,0.3935239192120056,0.6158498069082411,0.434255297920182
86,CHIN BEE,4641.0,1961.0,3172,1395,0,0,0,0,0.4306111112487501,0.31685816099946545,0.44636486264337466,0.29973263340852746
87,ADMIRALTY,4650.0,4393.0,4172,3956,0,0,0,0,0.9965884455360606,0.7439674736370064,0.9990835055335224,0.7587381715425172
88,SEMBAWANG SPRINGS,4650.0,4393.0,4244,3956,0,0,0,0,0.881693489440334,0.9603645543569448,0.901887201897416,0.9411615792970714
89,NORTHLAND,4650.0,6115.0,3842,4828,0,0,0,0,0.728108803150689,0.8149829562775034,0.7444757611337851,0.8004003229655848
90,KIAN TECK,4705.0,3256.0,3530,2543,0,0,0,0,0.40549244567985976,0.6093524113116828,0.3983342096834451,0.5285980439040785
91,KRANJI,4789.0,4091.0,4647,3694,0,0,0,0,0.9910703268775741,0.1909877058435747,0.9999992905104375,0.29267772544930026
92,MOUNT PLEASANT,4921.0,4638.0,3717,3335,0,0,0,0,0.9172533581481733,0.7094343127917032,0.8545415781215514,0.7942493255205471
93,RIDOUT,4959.0,5013.0,4386,4232,0,0,0,0,0.986801200035024,0.8037504543997592,0.9925132486155084,0.79158900375932
94,ULU PANDAN,4959.0,2495.0,4240,1974,0,0,0,0,0.9036961352220836,0.7746451016521902,0.9589967898371914,0.7467824806427616
95,WOODLEIGH,5029.0,2875.0,4096,2327,0,0,0,0,0.6275520378036613,0.9830742073500846,0.386135859436223,0.9123598422054056
96,GHIM MOH,5042.0,5954.0,4329,5238,0,0,0,0,0.9228219343650147,0.6368206930173155,0.9047321435065768,0.5736544039704919
97,QUEENSWAY,5042.0,6043.0,3813,5302,0,0,0,0,0.930774405964715,0.9631310126532836,0.7442286901748987,0.9728052789464934
98,KAMPONG GLAM,5042.0,4806.0,4386,4281,0,0,0,0,0.5878825675803324,0.6177332497038406,0.5017559624808594,0.6603291644434562
99,STRAITS VIEW,5097.0,5131.0,5450,5742,0,0,0,0,0.38166691242544254,0.007998814114155083,0.34505712133876165,0.08067132740547045
100,LOWER SELETAR,5129.0,7146.0,4494,6226,0,0,0,0,0.9768298258075503,0.2916888992356478,0.9653578823831439,0.24724164347345412
101,SEMBAWANG HILLS,5129.0,4393.0,4259,3755,0,0,0,0,0.6092940700616889,0.9441735164706987,0.577320470764329,0.8918921050096931
102,FABER,5137.0,5467.0,3986,4352,0,0,0,0,0.3530249203497592,0.7992599988549499,0.32198729031322726,0.7606749294598152
103,SELETAR HILLS,5239.0,4246.0,3994,3302,0,0,0,0,0.3265378227824975,0.4962756039678023,0.24249507467227913,0.5204389953038413
104,DUNEARN,5306.0,7028.0,4647,5957,0,0,0,0,0.8890767653934033,0.6606688613233034,0.8774909036393468,0.558964127457715
105,DEFU INDUSTRIAL PARK,5327.0,5603.0,4079,4577,0,0,0,0,0.3674982341349319,0.3145394610923681,0.4413362751773412,0.3689093596006578
106,SERANGOON NORTH IND ESTATE,5327.0,4501.0,3233,2731,0,0,0,0,0.2186551866037178,0.47170340162579444,0.12364939896984783,0.46446979358144014
107,YIO CHU KANG EAST,5502.0,4393.0,3117,2704,0,0,0,0,0.252255883171994,0.6080459091570427,0.43581654664553016,0.6081222943548437
108,GALI BATU,5658.0,5174.0,5343,5219,0,0,0,0,0.8011724799361064,0.898229019120028,0.8218757379734617,0.8665962122411702
109,CITY TERMINALS,5685.0,4804.0,4457,3575,0,0,0,0,0.6736536981660646,0.7526728829770171,0.6151779039145496,0.7477132710353082
110,FLORA DRIVE,5737.0,6196.0,4544,4953,0,0,0,0,0.422687150785595,0.47537662322684787,0.4797844215554346,0.417113221834132
111,SEMBAWANG NORTH,5824.0,4747.0,4600,3755,0,0,0,0,0.49194833888907213,0.5426757966265301,0.5578064447370201,0.5324885951625504
112,YISHUN SOUTH,5883.0,10121.0,4600,8928,0,1,0,1,0.8875296486436338,0.8102478358502946,0.8667325578340525,0.7536517934153157
113,MOUNTBATTEN,6046.0,6746.0,5158,5957,0,0,0,0,0.43060361040490874,0.4669345624232794,0.4426716121095345,0.5380386220000286
114,TAGORE,6070.0,4855.0,4827,3890,0,0,0,0,0.9183374506690222,0.7445082878604863,0.8311797377693929,0.7298469774232034
115,HONG KAH NORTH,6097.0,6779.0,5343,5625,0,0,0,0,0.8142987150229041,0.7427513080439392,0.7659033209168383,0.7210100773177507
116,CENTRAL WATER CATCHMENT,6126.0,5993.0,5654,5813,0,0,0,0,0.9471340676743392,0.899063206202193,0.8974515697238318,0.8456379681080571
117,BRICKWORKS,6155.0,6502.0,5344,5625,0,0,0,0,0.6558844210849109,0.8650214052999078,0.62605090622039,0.8692552000144471
118,BOAT QUAY,6157.0,3512.0,5081,2899,0,0,0,0,0.6779384362240438,0.9251389293364233,0.6169115950187685,0.9298153154298998
119,YISHUN EAST,6195.0,7146.0,4600,5758,0,0,0,0,0.8721829385693399,0.5297430344127723,0.8572451075399671,0.5331055616103327
120,PASIR PANJANG 2,6230.0,7072.0,3750,4428,0,0,0,0,0.55853635757946,0.9725397838120822,0.5029282492892518,0.9709380018036936
121,BUKIT BATOK EAST,6320.0,7548.0,5730,6511,0,1,0,1,0.795307287786389,0.7963712497329891,0.738481278785016,0.8243264820613144
122,SWISS CLUB,6455.0,6506.0,5094,5645,0,0,0,0,0.6573068662514738,0.9329489958687038,0.7991581262132265,0.8898838687538846
123,CLIFFORD PIER,6475.0,6503.0,3835,4151,0,0,0,0,0.6597868166128806,0.7375525353448343,0.6805972443420222,0.7515263557279787
124,MIDVIEW,6475.0,6982.0,4935,5401,0,0,0,0,0.44060497345873456,0.4640550597427591,0.3938344716118343,0.407156678054312
125,BUKIT HO SWEE,6496.0,7072.0,5667,6080,0,0,0,0,0.9564947816653349,0.778822412961055,0.9599453181520253,0.75994461266895
126,BRADDELL,6538.0,7072.0,5182,5957,0,0,0,0,0.9910245204796119,0.5944289003016094,0.9081819583541074,0.5608093437256634
127,TOH TUCK,6662.0,6980.0,5142,5416,0,0,0,0,0.5870662522206374,0.44065459334143714,0.22262514787457197,0.38884576681766936
128,MARGARET DRIVE,6779.0,7072.0,5862,6080,0,0,0,0,0.890409979040395,0.9204329382375182,0.878695526480771,0.8193522749541873
129,ROBERTSON QUAY,6779.0,6374.0,5862,5813,0,0,0,0,0.9222196815244481,0.8076004788890238,0.9309431918575537,0.8026934277031921
130,LORONG 8 TOA PAYOH,6785.0,6325.0,5832,5323,0,0,0,0,0.7349733528982699,0.9440351840335194,0.6694125054720912,0.9346118094797746
131,CHATSWORTH,6790.0,7072.0,5862,6237,0,0,0,0,0.9509446459952408,0.8520359273479347,0.958004270827011,0.7818729117198145
132,KALLANG WAY,6956.0,7632.0,4329,5813,0,1,0,0,0.37341088043594867,0.5725309612206236,0.45878589130243724,0.5421995321207919
133,KAMPONG BUGIS,7026.0,6702.0,6727,6167,0,0,1,0,0.3568518680919264,0.6605640502085927,0.41867188195724425,0.6476981129832065
134,TELOK BLANGAH RISE,7115.0,7072.0,6231,6080,0,0,0,0,0.753171666539873,0.7464124544387367,0.8055089895706946,0.7925498449645225
135,TIONG BAHRU,7115.0,7072.0,6530,6080,0,0,0,0,0.6246914891782316,0.8066482634745249,0.6622706087772591,0.8247276389321491
136,PEARL'S HILL,7115.0,7632.0,6237,6786,0,1,0,1,0.763080205023715,0.8299269984690146,0.7706589725784372,0.8148795146217879
137,HOLLAND DRIVE,7115.0,7631.0,6237,6511,0,1,0,1,0.9055144074359733,0.7065019664745726,0.9181417842553722,0.6999669341052633
138,TANGLIN HALT,7115.0,7412.0,6237,6151,0,0,0,0,0.9254903591488148,0.9362466106569901,0.8953779421460343,0.9399625134210271
139,TUAS PROMENADE,7187.0,7083.0,6411,6306,0,0,0,1,0.902609535890329,0.945440592816904,0.8728434400355253,0.9876775802092517
140,BUKIT BATOK WEST,7302.0,5687.0,6378,5253,0,0,0,0,0.6662761578786971,0.866513128960919,0.5558926891469458,0.8408981003988378
141,HILLVIEW,7302.0,7469.0,6237,6237,0,0,0,0,0.7631082440721354,0.47931573012280015,0.7916142941135933,0.49080878979537035
142,PENG SIANG,7459.0,5174.0,6536,4237,0,0,0,0,0.7631934990768724,0.6173495553338824,0.7565085177971111,0.6132066693444691
143,DAIRY FARM,7567.0,8139.0,6237,6431,0,1,0,1,0.7101722913040778,0.3281150355426134,0.6045932365424406,0.30831462859620784
144,CLEMENTI WEST,7567.0,5331.0,6650,4794,0,0,0,0,0.2305220510706194,0.809107408014091,0.20094821879945868,0.4077768076974758
145,TOH GUAN,7567.0,7072.0,6789,6237,0,0,1,0,0.6356905106493091,0.7510263768438922,0.6037433990283337,0.6902607492193514
146,KEAT HONG,7567.0,5174.0,6536,4237,0,0,0,0,0.7841764825894979,0.7769279825902561,0.7548220346988208,0.7515999907521168
147,TUAS BAY,7698.0,7544.0,6414,6085,0,1,0,0,0.9436913767424834,0.8275592359246595,0.948629478620809,0.9311587517328128
148,TUAS NORTH,7698.0,7786.0,6054,6306,0,1,0,1,0.6040754833691903,0.6436140659727241,0.729078619481725,0.6765265909383668
149,MALCOLM,7782.0,7072.0,6237,5813,0,0,0,0,0.6992518241801089,0.6530999208634981,0.6674020603916458,0.646280616633787
150,BOON TECK,7782.0,7072.0,6802,5957,0,0,1,0,0.574112391163921,0.708397850062621,0.5761179032227715,0.6742002436447357
151,YIO CHU KANG WEST,7807.0,7072.0,6727,5813,0,0,1,0,0.46944823970626104,0.8380253097848763,0.4455467701537768,0.8283658712584488
152,YUHUA WEST,7828.0,8358.0,6789,7518,1,1,1,1,0.5519459515340266,0.6921055948875712,0.35531796838507473,0.6358096062780457
153,KAMPONG TIONG BAHRU,7834.0,7072.0,6730,6080,1,0,1,0,0.6299964473865134,0.7266399227884454,0.6362465554380059,0.7573149076167254
154,KEBUN BAHRU,7834.0,7072.0,6727,5813,1,0,1,0,0.7589941273242256,0.6522199971717854,0.33547172064396436,0.6315177826445932
155,CECIL,7914.0,7632.0,4172,4281,1,1,0,0,0.8210417848945788,0.8477232094388737,0.7349224578831571,0.8642537104619454
156,SENNETT,7952.0,7303.0,6726,5957,1,0,1,0,0.48307251075065005,0.6099268497884872,0.39084307693585874,0.6678360624169305
157,TOWNSVILLE,7958.0,8460.0,7222,7841,1,1,1,1,0.35153923514124,0.9023382439346995,0.2694220658068043,0.8598998419391758
158,EVERTON PARK,8081.0,7072.0,6883,6080,1,0,1,0,0.5720471806975501,0.980629549565776,0.5601104825178566,0.9861863124780659
159,HENDERSON HILL,8084.0,8778.0,6883,7692,1,1,1,1,0.7775821872810629,0.6743701965900034,0.786526643395137,0.6884769409515961
160,DOVER,8095.0,7469.0,6727,5998,1,0,1,0,0.6972108492067007,0.33439677339296536,0.7204463064793007,0.3094234351335332
161,YUNNAN,8095.0,8358.0,7114,7504,1,1,1,1,0.3922345158117941,0.47945008401278416,0.2949523395757923,0.36423074993931925
162,TAI SENG,8124.0,7788.0,6706,6331,1,1,0,1,0.2983409605597512,0.7144360293164521,0.22485116862699872,0.30433298701832334
163,UPPER PAYA LEBAR,8124.0,7469.0,7222,6331,1,0,1,1,0.202958655978412,0.47596129943216686,0.6219895399794878,0.5073846816010918
164,BOON LAY PLACE,8142.0,9188.0,7392,8396,1,1,1,1,0.400531905343805,0.3220847889226693,0.33161885368424043,0.2689421422585144
165,NORTH COAST,8142.0,7632.0,6918,6431,1,1,1,1,0.8650851745841363,0.6067967371826337,0.8542210580543383,0.5384575480538784
166,GUL CIRCLE,8158.0,8903.0,6306,6953,1,1,0,1,0.18370959584709143,0.09104302150554569,0.2445745928904314,0.05549251565946091
167,KATONG,8275.0,7788.0,7491,6938,1,1,1,1,0.4948309379779519,0.27934895650554575,0.5000258788696129,0.31285764256474446
168,TEBAN GARDENS,8338.0,7412.0,7549,6431,1,0,1,1,0.725904511685247,0.6660688129353209,0.6418096207490215,0.5702962806749116
169,PASIR RIS WEST,8357.0,8460.0,7262,7310,1,1,1,1,0.3878333349837151,0.4797065041805145,0.3998569346096347,0.499373854136166
170,BUKIT BATOK SOUTH,8437.0,7506.0,6907,6243,1,1,1,1,0.5917758512968282,0.5369484407592908,0.6185595596552426,0.5440203720430005
171,TELOK BLANGAH DRIVE,8437.0,7746.0,6883,6431,1,1,1,1,0.7551247002899496,0.6885705300609685,0.6878976706339903,0.7077236179808604
172,HONG KAH,8437.0,9285.0,7619,8396,1,1,1,1,0.4803131358072142,0.47274119604661824,0.38558275370436657,0.4058937758561895
173,YUHUA EAST,8437.0,8358.0,7619,7518,1,1,1,1,0.6883369411465797,0.7553119472191991,0.4955725485856359,0.7059249002812742
174,BUKIT MERAH,8437.0,8307.0,6883,6485,1,1,1,1,0.7874739166847268,0.9179754096473571,0.806989011295279,0.9160376072971019
175,SHANGRI-LA,8516.0,7028.0,7491,5813,1,0,1,0,0.5115546333656543,0.8512959812495912,0.4680818997072836,0.8035504651118668
176,HOUGANG EAST,8603.0,8343.0,7549,7148,1,1,1,1,0.1401265680117251,0.19561764093315484,0.11712758683362585,0.15725560316577547
177,CLEMENTI WOODS,8603.0,8307.0,7619,7148,1,1,1,1,0.46310786858439684,0.7736645257267034,0.4018637496244832,0.695119508121189
178,KANGKAR,8603.0,8798.0,7549,7692,1,1,1,1,0.20908587064535747,0.5699527139940673,0.2054360178449263,0.5087554734074882
179,FARRER COURT,8937.0,9239.0,7491,7775,1,1,1,1,0.6577700415612296,0.5017450616312468,0.7129051632295261,0.5339569956631162
180,ALEXANDRA HILL,9298.0,8778.0,7985,7518,1,1,1,1,0.7551943660865986,0.8244020049419392,0.781933760381437,0.7856567853429631
181,PUNGGOL TOWN CENTRE,9470.0,9474.0,8305,8632,1,1,1,1,0.19742349506396367,0.17645868349843377,0.19513514235231377,0.187541027240457
182,SERANGOON NORTH,9470.0,7469.0,7491,5957,1,0,1,0,0.2507754274399976,0.46358398663101424,0.21037023469554278,0.4646598794556422
183,MARYMOUNT,9470.0,10108.0,7993,8606,1,1,1,1,0.6043488559073092,0.6303053080020333,0.5412453089889598,0.6401004997453807
184,SERANGOON GARDEN,9470.0,10108.0,8093,8634,1,1,1,1,0.20029865159176063,0.6594523158228901,0.21553560141459394,0.5424773449093485
185,LORONG AH SOO,9470.0,9832.0,8289,8634,1,1,1,1,0.26151558782885825,0.49331693228865947,0.3064541433892129,0.30640541416925066
186,CHONG BOON,9470.0,10108.0,7993,8634,1,1,1,1,0.30213809180260554,0.6279242413221882,0.273038807933736,0.6139786507562062
187,TRAFALGAR,9470.0,10108.0,7993,8634,1,1,1,1,0.4472203773141942,0.3915825282770775,0.3174501405294892,0.2918360287502661
188,ANG MO KIO TOWN CENTRE,9470.0,10108.0,8289,8722,1,1,1,1,0.6858893766012063,0.9768687646141925,0.5052501731291577,0.961582744603456
189,PORT,9590.0,9061.0,6883,6485,1,1,1,1,0.31759210368271534,0.719971401508455,0.3473279638383276,0.6733156940214305
190,NATURE RESERVE,9791.0,10244.0,8257,8416,1,1,1,1,0.49480995256009785,0.4987617833153007,0.5107471532597415,0.4929891375580851
191,YISHUN CENTRAL,9899.0,10139.0,8880,9150,1,1,1,1,0.8840546200898887,0.998690607023417,0.9114206911903633,0.9999969962814943
192,SENJA,10123.0,10433.0,8257,8722,1,1,1,1,0.7364441688867649,0.22963567370323076,0.8255359445211128,0.21567571638938798
193,LORONG CHUAN,10123.0,10139.0,8213,8336,1,1,1,1,0.24503574766963643,0.27600986838641944,0.23239059809063525,0.2014017629102387
194,PASIR RIS DRIVE,10269.0,10727.0,8880,9150,1,1,1,1,0.515447778234932,0.2976448077283897,0.5055269173298524,0.27927970597293
195,FAJAR,10281.0,10510.0,8506,8722,1,1,1,1,0.25382388913881565,0.24396928649427047,0.19664508677405843,0.20634020503829414
196,NASSIM,10281.0,10727.0,8506,8847,1,1,1,1,0.5500267881319767,0.427639175378945,0.5047960646807639,0.4180514731070017
197,MARINE PARADE,10281.0,10727.0,8880,9217,1,1,1,1,0.6313122455465162,0.5879983974693578,0.6268561846175081,0.5771561977441081
198,TYERSALL,10281.0,10510.0,8869,8847,1,1,1,1,0.6508497255568618,0.4165382165993986,0.5568960966316987,0.39265264619413465
199,CORONATION ROAD,10281.0,10727.0,8506,8632,1,1,1,1,0.4492616545584619,0.33743289917231784,0.5103002320458415,0.3493915379637123
200,TANJONG RHU,10281.0,10510.0,9543,9522,1,1,1,1,0.35648038456949094,0.3564936478786152,0.24016798728934463,0.3050323261284448
201,CLEMENTI CENTRAL,10304.0,10510.0,8506,8681,1,1,1,1,0.9190722991152679,0.994951567321437,0.9116816417237783,0.9665981046444552
202,PASIR PANJANG 1,10304.0,10510.0,8506,8396,1,1,1,1,0.5018110329336871,0.8124358570663804,0.456479022344367,0.813123193087892
203,HOLLAND ROAD,10304.0,10782.0,8506,8681,1,1,1,1,0.5041046095371844,0.49962935306222067,0.5397548011396955,0.5247013633362001
204,LEEDON PARK,10304.0,10441.0,8506,8681,1,1,1,1,0.4924094503644749,0.5830605116822832,0.5602071290208323,0.592357832066331
205,SAUJANA,10304.0,10727.0,8519,9211,1,1,1,1,0.13929237358918142,0.14736226031183333,0.13586526165413967,0.13277486582110606
206,BANGKIT,10304.0,10727.0,8880,9211,1,1,1,1,0.5604184921903897,0.39018402129802277,0.5164124867896696,0.35287217490069656
207,LAKESIDE,10407.0,10727.0,9122,9213,1,1,1,1,0.5614403150543751,0.3263772853852288,0.46100121154618867,0.29257360257598575
208,SUNGEI ROAD,10407.0,10395.0,9543,9217,1,1,1,1,0.28474234444355057,0.4243760133668269,0.27417967308601665,0.41576746111667706
209,HOUGANG WEST,10429.0,10108.0,8880,8634,1,1,1,1,0.317745126973205,0.4991447855651855,0.2529555046042528,0.3319043472856808
210,BIDADARI,10738.0,10984.0,8622,9044,1,1,1,1,0.09608923647207619,0.218590240827496,0.09964431632819659,0.1915509434177531
211,KAMPONG JAVA,10757.0,10727.0,9122,8722,1,1,1,1,0.4848024028689287,0.35430035377617114,0.3532057294550246,0.35028190836229417
212,GEYLANG BAHRU,10757.0,10734.0,8880,9217,1,1,1,1,0.39650353635285696,0.2072805350818871,0.304008238127667,0.2028811206526114
213,BENCOOLEN,10757.0,10727.0,9499,9211,1,1,1,1,0.2083702191231336,0.4457013984975983,0.20722640205613108,0.5222818783386742
214,PEOPLE'S PARK,10757.0,10824.0,8742,9217,1,1,1,1,0.7559907070206525,0.3568768278191042,0.792626380564125,0.36961872007991287
215,BRAS BASAH,10757.0,10727.0,8975,9211,1,1,1,1,0.5269401682179141,0.5702535789662208,0.5353739900339177,0.573788282121766
216,CRAWFORD,10757.0,10727.0,9188,9217,1,1,1,1,0.43618902295413536,0.48234476080205285,0.3175143339047039,0.48754984406246715
217,KALLANG BAHRU,10757.0,10734.0,8880,8868,1,1,1,1,0.44400538898677033,0.24640243769944944,0.40274897707059215,0.2798403733259714
218,BALESTIER,10757.0,10727.0,9543,9217,1,1,1,1,0.4931863295794476,0.522438673351624,0.4471877583680892,0.48074371205014915
219,CHINA SQUARE,10835.0,10727.0,9543,8746,1,1,1,1,0.2483959711844175,0.6322158227917786,0.21011866535583607,0.6457597878824034
220,COMMONWEALTH,11787.0,12089.0,9543,9574,1,1,1,1,0.6684228090963517,0.4688606741772765,0.681319087932513,0.4998998025219388
221,MEI CHIN,11787.0,12089.0,9543,9574,1,1,1,1,0.6481637730141152,0.4052828268160713,0.6586804487811398,0.491381176867627
222,SINGAPORE POLYTECHNIC,11787.0,12089.0,8506,8411,1,1,1,1,0.24548698964054458,0.6107892002293988,0.28276354059092795,0.8052676967240219
223,BOON KENG,11837.0,12089.0,9543,9574,1,1,1,1,0.2572249481934384,0.14924649513395546,0.2100675093689156,0.15705890030440225
224,ANAK BUKIT,12020.0,12089.0,9543,9574,1,1,1,1,0.7329415250702922,0.8220828958869763,0.754953284619444,0.7389072814785413
225,ANCHORVALE,12020.0,12089.0,9543,9574,1,1,1,1,0.28079429988577614,0.11223935773523176,0.2162279997730324,0.09747107711863714
226,TECK WHYE,12020.0,12089.0,9543,9574,1,1,1,1,0.5306713054738575,0.5568074983537818,0.5851229523323324,0.5890579980734294
227,UPPER THOMSON,12020.0,12089.0,9543,9574,1,1,1,1,0.6005444266879909,0.6424394786577584,0.5985252007218939,0.6544622698492264
228,JOO KOON,12020.0,12089.0,9543,9217,1,1,1,1,0.718189685093817,0.758517625984283,0.9083768359318996,0.8446137788160982
229,JELEBU,12020.0,12089.0,9543,9574,1,1,1,1,0.7817086471243241,0.7704702729093222,0.7861182341138734,0.784047745516064
230,POTONG PASIR,12020.0,11626.0,9543,9411,1,1,1,1,0.4015818838836012,0.5239196037105166,0.32852650702930675,0.5296088200191471
231,WATERWAY EAST,12020.0,12089.0,9543,9574,1,1,1,1,0.08564177850778745,0.06911195620571224,0.0672254943364562,0.06344073785619063
232,FERNVALE,12020.0,12089.0,9543,9574,1,1,1,1,0.6385012342455105,0.4187935209707639,0.5686466367766257,0.34817582423193555
233,NATIONAL UNIVERSITY OF S'PORE,12020.0,12089.0,8506,8431,1,1,1,1,0.23837309278693128,0.26887997038499856,0.22178065827181,0.28632931404442313
234,GUILIN,12020.0,12089.0,9543,9574,1,1,1,1,0.7687074558815974,0.6036590272269778,0.757711023319055,0.6015757955597064
235,REDHILL,12020.0,12089.0,9543,9574,1,1,1,1,0.5714886406752863,0.4341570538236626,0.5778492172974251,0.41561326423346034
236,FRANKEL,12020.0,10984.0,9543,9306,1,1,1,1,0.4040674125031184,0.40220302737078756,0.39129273123874925,0.3967860442198161
237,TURF CLUB,12020.0,12089.0,9543,9574,1,1,1,1,0.40582728142161034,0.5617820283127005,0.40454830170777806,0.5005034968834645
238,SINGAPORE GENERAL HOSPITAL,12020.0,12089.0,9543,9574,1,1,1,1,0.33600577128187553,0.30060105741844045,0.3764755018860896,0.3515842356117251
239,BUGIS,12020.0,12089.0,9543,9574,1,1,1,1,0.43451730433408514,0.449968221498908,0.3943862138609145,0.44250459831858946
240,GOMBAK,12020.0,12089.0,9543,9574,1,1,1,1,0.3448637439939628,0.47630524073762953,0.34897040582316163,0.5553831834972576
241,MARINA CENTRE,12020.0,12089.0,9543,9574,1,1,1,1,0.31467697066648265,0.32224886572473377,0.33690267726794537,0.37756136677041274
242,BEDOK RESERVOIR,12020.0,12089.0,9543,9574,1,1,1,1,0.16748418615351976,0.09744991103337164,0.18989264434624975,0.11810562960284639
243,XILIN,12020.0,12089.0,9543,9574,1,1,1,1,0.41202002614285727,0.08298229735663859,0.3873906112026157,0.07574906185478024
244,TOA PAYOH WEST,12020.0,12089.0,9543,9574,1,1,1,1,0.42138051951033634,0.5567477128799625,0.24123693838185076,0.5774972180789815
245,PUNGGOL FIELD,12020.0,12089.0,9543,9574,1,1,1,1,0.3214642740862546,0.34752405433929523,0.27794369032834715,0.3572353501345338
246,CLARKE QUAY,12020.0,12089.0,9543,9574,1,1,1,1,0.3739223269166215,0.43794823986841797,0.4042839801050353,0.4130505642762206
247,CENTRAL SUBZONE,12020.0,12089.0,8869,8396,1,1,1,1,0.29734652868530215,0.28826462246296203,0.4450613644349777,0.5107398774734779
248,KAMPONG UBI,12020.0,12089.0,9543,9535,1,1,1,1,0.3115079295093579,0.3527410934186763,0.3381161366352731,0.27909178143169744
249,BAYFRONT SUBZONE,12020.0,12089.0,9543,9574,1,1,1,1,0.10095037844665418,0.09426911596378285,0.11088009940007354,0.11156842467900724
250,JOO SENG,12020.0,12089.0,9542,9217,1,1,1,1,0.1639914867980397,0.3800865107702934,0.17543083211681498,0.24464338089328175
251,KOVAN,12020.0,12089.0,9543,9574,1,1,1,1,0.14729947167229268,0.2502484427288702,0.15635709975973142,0.146297284036157
252,COMPASSVALE,12020.0,12089.0,9543,9574,1,1,1,1,0.08650962473300215,0.14895742222588346,0.08771000336543396,0.15659303192675034
253,TAMAN JURONG,12020.0,12089.0,9543,9574,1,1,1,1,0.3457102119672706,0.40449498429425396,0.2865969664512052,0.29725515457464957
254,KEMBANGAN,12020.0,12089.0,9543,9574,1,1,1,1,0.288957775920087,0.08346415523942188,0.2749805057983136,0.08682293780011394
255,LAVENDER,12020.0,12089.0,9543,9574,1,1,1,1,0.3904684902196347,0.25265739858087927,0.359938881721334,0.2719952475726309
256,HOUGANG CENTRAL,12020.0,12089.0,9543,9574,1,1,1,1,0.18982703268570303,0.27155939227008075,0.1907337499339093,0.2568053435639354
257,ONE NORTH,12020.0,12089.0,9543,9574,1,1,1,1,0.4396069422804648,0.45678169728051027,0.47690262031409947,0.47795447452545065
258,TIONG BAHRU STATION,12020.0,12089.0,9543,9574,1,1,1,1,0.7075944427036124,0.7593561311862653,0.7394416617392725,0.7818318137746816
259,BUKIT BATOK CENTRAL,12020.0,12089.0,9543,9574,1,1,1,1,0.7824210251099234,0.7950689370731508,0.7737492999798452,0.7886855548307982
260,WOODLANDS WEST,12020.0,12089.0,9543,9574,1,1,1,1,0.6712939168843304,0.185615097208738,0.6994197494715375,0.19536801386046115
261,MACPHERSON,12020.0,12089.0,9543,9574,1,1,1,1,0.23068944002848443,0.27846582538072334,0.2570724145977696,0.3840368801313561
262,RIVERVALE,12020.0,12089.0,9543,9574,1,1,1,1,0.3430278674937858,0.17055267858816278,0.2955818223512835,0.13255364973565453
263,BENDEMEER,12020.0,12089.0,9543,9574,1,1,1,1,0.282672828278486,0.29438941459770773,0.2232330429014894,0.27947091293569304
264,YEW TEE,12020.0,12089.0,9543,9574,1,1,1,1,0.5531524250066139,0.4085691100378036,0.5237019201069955,0.42159008727429453
265,CLEMENTI NORTH,12020.0,12089.0,9543,9574,1,1,1,1,0.48820815473992074,0.300347744000679,0.40653734663277036,0.3356085508786223
266,SOMERSET,12020.0,12089.0,9543,9574,1,1,1,1,0.37254891107048116,0.4232234851095443,0.37302311803702165,0.42292107371464915
267,MARITIME SQUARE,12020.0,12089.0,9543,9574,1,1,1,1,0.5048243972706913,0.5794306192915009,0.4579502227211426,0.5402875115467821
268,NEWTON CIRCUS,12020.0,12089.0,9543,9574,1,1,1,1,0.21454747918266878,0.21750310126075886,0.18750254922803394,0.19243836760313374
269,TANJONG PAGAR,12020.0,12089.0,9543,9574,1,1,1,1,0.0573603294399495,0.08432175868135446,0.05511396569950335,0.14426629118935155
270,DHOBY GHAUT,12020.0,12089.0,9543,9574,1,1,1,1,0.3624791334948576,0.3785111601631764,0.32410451497310405,0.34803381391851557
271,VICTORIA,12020.0,12089.0,9543,9574,1,1,1,1,0.19499364409076536,0.3228712307021945,0.20142758231055918,0.33225881049789147
272,CHOA CHU KANG CENTRAL,12020.0,12089.0,9543,9574,1,1,1,1,0.886029285269258,0.8953810558293654,0.9094408063623596,0.9051326923306562
273,CHINATOWN,12020.0,12089.0,9543,9574,1,1,1,1,0.16297173928850855,0.4186662472263037,0.1822134198642637,0.4499726567247279
274,KAKI BUKIT,12020.0,12089.0,9543,9574,1,1,1,1,0.3895411272629855,0.24201063382279653,0.34748609509472467,0.24442560055153134
275,SIMEI,12020.0,12089.0,9543,9574,1,1,1,1,0.2060703984366508,0.30981520651357786,0.21931471055514246,0.3009413961471609
276,CHANGI AIRPORT,12020.0,12089.0,9543,9574,1,1,1,1,0.4379325002462945,0.24444578859653307,0.38738140484790745,0.202767072198697
277,BEDOK SOUTH,12020.0,12089.0,9543,9574,1,1,1,1,0.2577557177596808,0.2601918243281555,0.2676752701714945,0.24156599198348594
278,SERANGOON CENTRAL,12020.0,12089.0,9543,9574,1,1,1,1,0.16360864610574424,0.40594151179881693,0.2956397358954038,0.3516435022152756
279,PASIR RIS CENTRAL,12020.0,12089.0,9543,9574,1,1,1,1,0.37336286514746586,0.5097696873200663,0.3548836670534214,0.5130354913165096
280,SENGKANG TOWN CENTRE,12020.0,12089.0,9543,9574,1,1,1,1,0.2256822543382662,0.21695395385417948,0.19651067478972173,0.20618808176291312
281,KHATIB,12020.0,12089.0,9543,9574,1,1,1,1,0.7518988942535032,0.3472121472682291,0.7347349698293054,0.33547244848381974
282,YIO CHU KANG,12020.0,12089.0,9543,9574,1,1,1,1,0.6532578877493433,0.7649779556375585,0.5513118677810862,0.7473769884304027
283,MATILDA,12020.0,12089.0,9543,9574,1,1,1,1,0.24515893382356538,0.21667324135316166,0.2637912886663275,0.23565413564259222
284,FARRER PARK,12020.0,12089.0,9543,9574,1,1,1,1,0.31872395880054016,0.18170099017540664,0.35958560345902896,0.19796710248010127
285,BISHAN EAST,12020.0,12089.0,9543,9574,1,1,1,1,0.2105922773326253,0.2907314816673646,0.19044195253411572,0.302174361953447
286,SEMBAWANG CENTRAL,12020.0,12089.0,9543,9574,1,1,1,1,0.8498647311349384,0.8302939355489108,0.8663338580678501,0.833150679509091
287,GEYLANG EAST,12020.0,12089.0,9543,9574,1,1,1,1,0.16799501074664494,0.19349956713466904,0.21695585355606076,0.192856311945536
288,JURONG GATEWAY,12020.0,12089.0,9543,9574,1,1,1,1,0.5193172863739053,0.6401444239910743,0.39848797690585314,0.437407326262558
289,BOULEVARD,12020.0,12089.0,9543,9574,1,1,1,1,0.4151656950530396,0.3275541175331638,0.4164034150846224,0.3161805754948437
290,ALJUNIED,12020.0,12089.0,9543,9574,1,1,1,1,0.29470883052078783,0.43266497378668767,0.29385052374089127,0.46855789484302657
291,JURONG WEST CENTRAL,12020.0,12089.0,9543,9574,1,1,1,1,0.7199781061520496,0.6700452992527709,0.6465892892054168,0.5785276371989801
292,TOA PAYOH CENTRAL,12020.0,12089.0,9543,9574,1,1,1,1,0.8059874760135128,0.7778333293772447,0.711816960371889,0.7648187640640175
293,MOULMEIN,12020.0,12089.0,9543,9574,1,1,1,1,0.2604256744591404,0.2415395625644714,0.27382574807048893,0.2659853869472853
294,BEDOK NORTH,12020.0,12089.0,9543,9574,1,1,1,1,0.19495106903918222,0.25995141003552,0.22249792335570953,0.2834362166609613
295,WOODLANDS REGIONAL CENTRE,12020.0,12089.0,9543,9574,1,1,1,1,0.7528660094778705,0.7963297489144991,0.7337450314642513,0.7509955584045964
296,CITY HALL,12020.0,12089.0,9543,9574,1,1,1,1,0.21152515363232974,0.35027752479139285,0.18195307483735892,0.2958823567508541
297,RAFFLES PLACE,12020.0,12089.0,9543,9574,1,1,1,1,0.0760828678057684,0.06976267959078523,0.10425990872872865,0.09913150347035837
298,TAMPINES EAST,12020.0,12089.0,9543,9574,1,1,1,1,0.5248478274300198,0.41501688802735964,0.5261514939130132,0.40312013068361935
299,TAMPINES WEST,12020.0,12089.0,9543,9574,1,1,1,1,0.1874608524819145,0.27108374372584293,0.1767784653917293,0.262679383533276
300,CHENG SAN,12020.0,12089.0,9543,9574,1,1,1,1,0.17326394252757915,0.5040506805065076,0.1195410676948822,0.41693698732124357
301,YISHUN WEST,12020.0,12089.0,9543,9574,1,1,1,1,0.5877289748050181,0.6843692243710654,0.6119857578418999,0.6934182766009804
302,WOODLANDS EAST,12020.0,12089.0,9543,9574,1,1,1,1,0.6954510199950656,0.6490338537486751,0.6219397746718827,0.5626139849897354
303,MARINA EAST (MP),,,104,61,-1,-1,0,0,,,0.802681951148349,0.9844813053734579
304,EAST COAST,,,369,525,-1,-1,0,0,,,0.7462460300427172,0.6301448977461918
